"ID","thick","u.size","u.shape","adhesion","s.size","nuclei","chromatin","nucleoli","mitoses","type","class"
"1321321",5,1,1,3,2,1,1,1,1,"benign",0
"1212422",3,1,1,1,2,1,3,1,1,"benign",0
"1157734",4,1,1,1,2,1,3,1,1,"benign",0
"1210963",10,10,10,8,6,8,7,10,1,"malignant",1
"1058849",5,1,1,1,2,1,1,1,1,"benign",0
"1301945",5,1,1,1,1,1,1,1,1,"benign",0
"857774",4,1,1,1,3,1,2,2,1,"benign",0
"695091",1,1,1,1,2,1,2,1,1,"benign",0
"1002945",5,4,4,5,7,10,3,2,1,"benign",0
"1225382",6,2,3,1,2,1,1,1,1,"benign",0
"1036172",2,1,1,1,2,1,2,1,1,"benign",0
"1178580",5,1,3,1,2,1,2,1,1,"benign",0
"1257815",5,1,3,1,2,1,2,1,1,"benign",0
"1131294",1,1,2,1,2,2,4,2,1,"benign",0
"1223003",5,3,3,1,2,1,2,1,1,"benign",0
"1288608",3,1,1,1,2,1,2,1,1,"benign",0
"836433",5,1,1,3,2,1,1,1,1,"benign",0
"1236837",2,3,2,2,2,2,3,1,1,"benign",0
"764974",5,1,1,1,2,1,3,1,2,"benign",0
"1258549",9,10,10,10,10,10,10,10,1,"malignant",1
"616240",5,3,4,3,4,5,4,7,1,"benign",0
"672113",7,5,6,10,4,10,5,3,1,"malignant",1
"456282",1,1,1,1,2,1,3,1,1,"benign",0
"1158247",1,1,1,1,1,1,1,1,1,"benign",0
"1049837",1,1,1,1,2,1,1,1,1,"benign",0
"142932",7,6,10,5,3,10,9,10,2,"malignant",1
"743348",3,2,2,1,2,1,2,3,1,"benign",0
"1328331",1,1,1,1,2,1,3,1,1,"benign",0
"1140597",7,1,2,3,2,1,2,1,1,"benign",0
"1100524",6,10,10,2,8,10,7,3,3,"malignant",1
"1204242",1,1,1,1,2,1,1,1,1,"benign",0
"1168736",10,10,10,10,10,1,8,8,8,"malignant",1
"1230688",7,4,7,4,3,7,7,6,1,"malignant",1
"1190485",1,1,1,1,2,1,1,1,1,"benign",0
"1238186",4,1,1,1,2,1,2,1,1,"benign",0
"1182404",5,1,4,1,2,1,3,2,1,"benign",0
"1350319",5,7,4,1,6,1,7,10,3,"malignant",1
"855524",1,1,1,1,2,1,2,1,1,"benign",0
"352431",10,5,10,3,5,8,7,8,3,"malignant",1
"1201936",5,10,10,3,8,1,5,10,3,"malignant",1
"488173",1,4,3,10,4,10,5,6,1,"malignant",1
"1133041",5,3,1,2,2,1,2,1,1,"benign",0
"1276091",6,1,1,3,2,1,1,1,1,"benign",0
"320675",3,3,5,2,3,10,7,1,1,"malignant",1
"342245",1,1,3,1,2,1,1,1,1,"benign",0
"558538",4,1,3,3,2,1,1,1,1,"benign",0
"1224329",1,1,1,2,2,1,3,1,1,"benign",0
"1268275",9,8,8,9,6,3,4,1,1,"malignant",1
"1124651",1,3,3,2,2,1,7,2,1,"benign",0
"1333104",3,1,2,1,2,1,3,1,1,"benign",0
"1200772",1,1,1,1,2,1,2,1,1,"benign",0
"1253917",4,1,1,2,2,1,2,1,1,"benign",0
"1145420",6,1,1,1,2,1,2,1,1,"benign",0
"718641",1,1,1,1,5,1,3,1,1,"benign",0
"1147699",3,5,7,8,8,9,7,10,7,"malignant",1
"1238777",6,1,1,3,2,1,1,1,1,"benign",0
"1226612",7,5,6,3,3,8,7,4,1,"malignant",1
"1198128",10,8,10,10,6,1,3,1,10,"malignant",1
"1198641",3,1,1,1,2,1,3,1,1,"benign",0
"1050718",6,1,1,1,2,1,3,1,1,"benign",0
"1253505",2,3,1,1,5,1,1,1,1,"benign",0
"756136",1,1,1,1,2,1,2,1,1,"benign",0
"1214966",9,7,7,5,5,10,7,8,3,"malignant",1
"1174131",10,10,10,2,10,10,5,3,3,"malignant",1
"1176187",3,1,1,1,2,1,3,1,1,"benign",0
"714039",3,1,1,1,2,1,1,1,1,"benign",0
"1113906",9,5,5,2,2,2,5,1,1,"malignant",1
"1276091",3,1,1,3,1,1,3,1,1,"benign",0
"534555",1,1,1,1,2,1,1,1,1,"benign",0
"1147748",5,10,6,1,10,4,4,10,10,"malignant",1
"1075123",3,1,2,1,2,1,2,1,1,"benign",0
"706426",5,5,5,2,5,10,4,3,1,"malignant",1
"832567",4,2,3,5,3,8,7,6,1,"malignant",1
"695091",5,10,10,5,4,5,4,4,1,"malignant",1
"1238410",2,3,1,1,3,1,1,1,1,"benign",0
"1313658",3,1,1,1,2,1,1,1,1,"benign",0
"1180523",3,1,1,1,2,1,2,2,1,"benign",0
"897172",2,1,1,1,2,1,2,1,1,"benign",0
"667204",7,8,7,6,4,3,8,8,4,"malignant",1
"1347749",1,1,1,1,2,1,1,1,1,"benign",0
"1213375",8,4,4,5,4,7,7,8,2,"benign",0
"646904",1,1,1,1,2,1,3,1,1,"benign",0
"1099510",10,4,3,1,3,3,6,5,2,"malignant",1
"1199983",1,1,1,1,2,1,3,1,1,"benign",0
"1166654",10,3,5,1,10,5,3,10,2,"malignant",1
"1187457",3,1,1,3,8,1,5,8,1,"benign",0
"1197993",5,6,7,8,8,10,3,10,3,"malignant",1
"1148873",3,6,6,6,5,10,6,8,3,"malignant",1
"1197527",5,1,1,1,2,1,2,1,1,"benign",0
"1294413",1,1,1,1,2,1,1,1,1,"benign",0
"160296",5,8,8,10,5,10,8,10,3,"malignant",1
"1121919",5,1,3,1,2,1,2,1,1,"benign",0
"1206089",2,1,1,1,1,1,3,1,1,"benign",0
"760001",8,10,3,2,6,4,3,10,1,"malignant",1
"1033078",4,2,1,1,2,1,2,1,1,"benign",0
"1044572",8,7,5,10,7,9,5,5,4,"malignant",1
"1132347",1,1,4,1,2,1,2,1,1,"benign",0
"1339781",4,1,1,1,2,1,3,1,1,"benign",0
"1318169",9,10,10,10,10,5,10,10,10,"malignant",1
"1208301",1,2,3,1,2,1,3,1,1,"benign",0
"1350423",5,10,10,8,5,5,7,10,1,"malignant",1
"1170420",1,6,8,10,8,10,5,7,1,"malignant",1
"1070935",3,1,1,1,1,1,2,1,1,"benign",0
"466906",1,1,1,1,2,1,1,1,1,"benign",0
"1016634",2,3,1,1,2,1,2,1,1,"benign",0
"1344449",1,1,1,1,1,1,2,1,1,"benign",0
"810104",1,1,1,1,2,1,3,1,1,"benign",0
"1105257",3,7,7,4,4,9,4,8,1,"malignant",1
"1297327",5,1,1,1,2,1,1,1,1,"benign",0
"1266124",5,1,2,1,2,1,1,1,1,"benign",0
"1280258",4,1,1,1,2,1,1,2,1,"benign",0
"1114570",5,3,3,2,3,1,3,1,1,"benign",0
"1200952",5,8,7,7,10,10,5,7,1,"malignant",1
"1226012",4,1,1,3,1,5,2,1,1,"malignant",1
"13454352",1,1,3,1,2,1,2,1,1,"benign",0
"1084139",6,3,2,1,3,4,4,1,1,"malignant",1
"1070935",1,1,3,1,2,1,1,1,1,"benign",0
"1142706",5,10,10,10,6,10,6,5,2,"malignant",1
"1213383",5,1,1,4,2,1,3,1,1,"benign",0
"1318671",3,1,1,1,2,1,2,1,1,"benign",0
"733639",3,1,1,1,2,1,3,1,1,"benign",0
"1000025",5,1,1,1,2,1,3,1,1,"benign",0
"877943",3,10,3,10,6,10,5,1,4,"malignant",1
"688033",1,1,1,1,2,1,1,1,1,"benign",0
"1181356",5,1,1,1,2,2,3,3,1,"benign",0
"1198641",10,10,6,3,3,10,4,3,2,"malignant",1
"1183596",3,1,3,1,3,4,1,1,1,"benign",0
"1158247",1,1,1,1,2,1,2,1,1,"benign",0
"527363",8,10,10,10,8,10,10,7,3,"malignant",1
"1299596",2,1,1,1,2,1,1,1,1,"benign",0
"1190394",4,1,1,1,2,3,1,1,1,"benign",0
"1257366",3,1,1,1,2,1,1,1,1,"benign",0
"787451",5,1,2,1,2,1,1,1,1,"benign",0
"1254538",8,10,10,10,6,10,10,10,1,"malignant",1
"640744",10,10,10,7,9,10,7,10,10,"malignant",1
"1212251",1,1,1,1,2,1,3,1,1,"benign",0
"1179818",2,1,1,1,2,1,3,1,1,"benign",0
"1177027",3,1,1,1,2,1,3,1,1,"benign",0
"1200892",8,6,5,4,3,10,6,1,1,"malignant",1
"1080185",10,10,10,8,6,1,8,9,1,"malignant",1
"734111",1,1,1,3,2,3,1,1,1,"benign",0
"822829",7,6,4,8,10,10,9,5,3,"malignant",1
"1116116",9,10,10,1,10,8,3,3,1,"malignant",1
"709287",6,8,7,8,6,8,8,9,1,"malignant",1
"1173347",1,1,1,1,2,5,1,1,1,"benign",0
"798429",4,1,1,1,2,1,3,1,1,"benign",0
"1325309",4,1,2,1,2,1,2,1,1,"benign",0
"1222464",6,10,10,10,4,10,7,10,1,"malignant",1
"1017023",6,3,3,5,3,10,3,5,3,"benign",0
"1269574",4,1,1,1,2,1,1,1,1,"benign",0
"428598",1,1,3,1,1,1,2,1,1,"benign",0
"654244",1,1,1,1,1,1,2,1,1,"benign",0
"1198641",3,1,1,1,2,1,3,1,1,"benign",0
"1299994",5,1,1,1,2,1,1,1,1,"benign",0
"1343374",10,10,8,10,6,5,10,3,1,"malignant",1
"1115282",5,3,5,5,3,3,4,10,1,"malignant",1
"1255384",3,2,2,3,2,3,3,1,1,"benign",0
"1116715",5,1,1,1,3,2,2,2,1,"benign",0
"666942",1,1,1,1,2,1,3,1,1,"benign",0
"1331412",5,7,10,10,5,10,10,10,1,"malignant",1
"144888",8,10,10,8,5,10,7,8,1,"malignant",1
"1293439",6,9,7,5,5,8,4,2,1,"benign",0
"1117152",4,1,1,1,2,1,3,1,1,"benign",0
"1345593",3,1,1,3,2,1,2,1,1,"benign",0
"1123061",6,10,2,8,10,2,7,8,10,"malignant",1
"734111",1,1,1,1,2,2,1,1,1,"benign",0
"1177399",8,3,5,4,5,10,1,6,2,"malignant",1
"1160476",2,1,1,1,2,1,3,1,1,"benign",0
"1218860",1,1,1,1,1,1,3,1,1,"benign",0
"1203096",1,1,1,1,1,1,3,1,1,"benign",0
"1133991",4,1,1,1,1,1,2,1,1,"benign",0
"1180831",3,1,1,1,3,1,2,1,1,"benign",0
"1285722",4,1,1,3,2,1,1,1,1,"benign",0
"636130",1,1,1,1,2,1,3,1,1,"benign",0
"1299161",4,8,7,10,4,10,7,5,1,"malignant",1
"1048672",4,1,1,1,2,1,2,1,1,"benign",0
"1306282",6,6,7,10,3,10,8,10,2,"malignant",1
"601265",10,4,4,6,2,10,2,3,1,"malignant",1
"831268",1,1,1,1,1,1,1,3,1,"benign",0
"752904",10,1,1,1,2,10,5,4,1,"malignant",1
"1246562",10,2,2,1,2,6,1,1,2,"malignant",1
"1223426",1,1,1,1,2,1,3,1,1,"benign",0
"1336798",3,1,1,1,2,1,2,1,1,"benign",0
"1311875",5,1,2,1,2,1,1,1,1,"benign",0
"1103722",1,1,1,1,2,1,2,1,2,"benign",0
"1239420",1,1,1,1,2,1,1,1,1,"benign",0
"1170419",10,10,10,8,2,10,4,1,1,"malignant",1
"466906",1,1,1,1,2,1,1,1,1,"benign",0
"1326892",3,1,1,1,2,1,2,1,1,"benign",0
"1369821",10,10,10,10,5,10,10,10,7,"malignant",1
"824249",1,1,1,1,2,1,3,1,1,"benign",0
"1355260",1,1,1,1,2,1,2,1,1,"benign",0
"1070522",3,1,1,1,1,1,2,1,1,"benign",0
"1120559",8,3,8,3,4,9,8,9,8,"malignant",1
"1315807",5,10,10,10,10,2,10,10,10,"malignant",1
"1108449",5,3,3,4,2,4,3,4,1,"malignant",1
"1227244",1,1,1,1,2,1,2,1,1,"benign",0
"1240603",3,1,1,1,1,1,1,1,1,"benign",0
"486283",3,1,1,1,2,1,3,1,1,"benign",0
"1168359",8,2,3,1,6,3,7,1,1,"malignant",1
"1268766",1,1,1,1,2,1,1,1,1,"benign",0
"1041043",4,1,3,1,2,1,2,1,1,"benign",0
"1197979",4,1,1,1,2,2,3,2,1,"benign",0
"1302428",5,3,2,4,2,1,1,1,1,"benign",0
"837082",2,1,1,1,2,1,3,1,1,"benign",0
